shot_id,candidate_id,purpose,shot_size,camera_position_m,target_m,height_m,subject_distance_m,sensor_width_mm,lens_mm,fov_x_deg,movement,composition,axis_side,reason,limitations
SH01,C1,제품 공개(선택),ECU,"[0.12, -0.20, 0.90]","[0.0, 0.42, 0.84]",0.90,0.64,36,50,39.6,static (빛띠 동기는 조명),병 전경 + 측면 카톤 3/4 배치,N/A,정지·여유 프레임으로 라벨·실루엣 재현 정확도 확보,모양 변형 불가·피사체 움직임 전부 조명 동기로 위임
SH01,C2,제품 공개 대안,MCU 제품 오프닝,"[0.12, -0.50, 1.05]","[0.0, 0.42, 0.84]",1.05,0.95,36,35,54.4,slow dolly in,공간 소개형 더 넓은 컷,N/A,장면 장소성이 좋으나 제품 디테일과 라벨 가독성이 떨어진다,잠긴 목적(제품 공개)과 더 멀다
SH02,C1,리추얼 선택(선택),MCU upper body,"[0.35, -0.90, 1.30]→[0.33, -0.80, 1.29]","[0.15, 0.05, 1.28]→[0.13, 0.05, 1.26]",1.30→1.29,0.99→0.89,36,35,54.4,slow push-in (smoothstep),시선 이동을 읽는 3/4 구도·전경 병,negative(CH01→PR01 축),완만한 접근이 선택의 친밀함을 주고 전경 병과 시선축을 잇는다,한 방향만 허용·리그 여유는 설계값
SH02,C2,리추얼 선택 대안,MS static,"[0.30, -1.10, 1.35]","[0.15, 0.05, 1.20]",1.35,1.16,36,50,39.6,static,중간 쇼트·정면 유사,negative(CH01→PR01 축),안정적이지만 시선 전환의 친밀함이 덜하고 프레이밍이 느슨하다,푸시인 없음·시선 읽기 강도 낮음
SH03,C1,대표 방울 매크로(선택),insert macro,"[0.16, 0.10, 0.97]","[0.11, 0.33, 0.95]",0.97,0.24,36,60,33.4,locked,손바닥·피펫 끝·2cm 갭 정면,N/A,분리·낙하·접촉이 모두 보이는 크롭,심도가 매우 얕아 초점 설계 필요·프록시 bbox는 가림 증명 아님
SH03,C2,대표 방울 매크로 대안,detail close-up,"[0.18, 0.02, 1.00]","[0.11, 0.33, 0.95]",1.00,0.32,36,85,23.9,locked,더 타이트한 손/방울 크롭,N/A,방울 디테일은 커지지만 손바닥·피펫 관계 일부 크롭 위험,접촉 관계를 가릴 수 있어 필수 가시 행동 보장이 약하다
SH04,C1,도포 여운(선택),portrait bust static,"[-0.05, -0.85, 1.30]","[0.10, 0.05, 1.30]",1.30,0.99,36,50,39.6,static,뺨·손 움직임과 표정이 읽히는 정면,N/A,정지 프레임이 미세한 윤기 지속과 고요한 표정을 관찰하기에 적합,윤기 유지는 후속 컷의 상태 인계로 별도 검수
SH04,C2,도포 여운 대안,tighter face insert,"[-0.02, -0.60, 1.32]","[0.10, 0.05, 1.32]",1.32,0.70,36,85,23.9,static,뺨 클로즈업,N/A,윤기를 가까이 보여주지만 손 낮춤·표정·맥락이 끊긴다,필수 '손 낮춤' 동작이 프레임 밖이 될 위험
SH05,C1,엔드카드(선택),ECU 제품 홀드,"[0.10, -0.22, 0.90]","[0.0, 0.40, 0.84]",0.90,0.63,36,50,39.6,static (빛·그림자 동기는 조명),병 전경 + 정면 카톤 ≥4s 가독,N/A,SH01의 미러로 시작·끝 구조 대칭과 제품 가독성 확보,모양 변형 불가·정지 홀드 외 움직임 없음
SH05,C2,엔드카드 대안,slight dolly out,"[0.10, -0.22, 0.90]→[0.10, -0.30, 0.92]","[0.0, 0.40, 0.84]",0.90→0.92,0.63→0.71,36,50,39.6,very slow dolly out,작은 후퇴로 여운,N/A,약간의 여운 추가는 가능하나 잠긴 '정지 홀드'에 무빙을 얹을 필요가 없다,무빙은 선택 사항이며 읽기 안정성을 해칠 수 있다
